date,channel,spend,impressions,clicks,conversions,revenue
2024-01-01,Instagram,5579.63,58699,905,15,22870.0
2024-01-01,Google,7966.76,7997,369,15,18660.0
2024-01-01,Influencers,3351.35,60554,430,6,11210.0
2024-01-02,Instagram,3816.28,62412,576,17,20850.0
2024-01-02,Google,7782.89,12461,445,25,19120.0
2024-01-02,Influencers,5565.76,48049,455,7,11870.0
2024-01-03,Instagram,4555.01,74954,646,14,22960.0
2024-01-03,Google,9078.57,8138,341,11,18020.0
2024-01-03,Influencers,5790.47,30939,341,6,10790.0
2024-01-04,Instagram,4368.61,42320,606,17,17750.0
2024-01-04,Google,6009.41,5497,229,13,15740.0
2024-01-04,Influencers,2829.26,78317,330,7,8530.0
2024-01-05,Instagram,3614.71,57553,759,20,19390.0
2024-01-05,Google,7540.12,7926,286,15,20570.0
2024-01-05,Influencers,3599.47,47861,262,6,11240.0
2024-01-06,Instagram,4844.62,110863,923,18,21310.0
2024-01-06,Google,9281.98,9866,332,11,19340.0
2024-01-06,Influencers,7630.47,62750,711,10,13520.0
2024-01-07,Instagram,4242.2,54827,604,11,16730.0
2024-01-07,Google,5412.13,6578,313,15,15850.0
2024-01-07,Influencers,6527.71,175538,920,16,11260.0
2024-01-08,Instagram,4832.38,71717,865,20,19790.0
2024-01-08,Google,9911.03,13084,411,18,20390.0
2024-01-08,Influencers,5739.62,80993,543,12,13010.0
2024-01-09,Instagram,3298.21,41735,466,12,16480.0
2024-01-09,Google,4857.18,6050,254,14,15460.0
2024-01-09,Influencers,3332.84,25678,243,3,11110.0
2024-01-10,Instagram,4083.4,39625,631,11,19730.0
2024-01-10,Google,8368.89,17646,574,31,20840.0
2024-01-10,Influencers,4426.51,60191,671,13,7690.0
2024-01-11,Instagram,5121.84,65191,660,13,20600.0
2024-01-11,Google,7258.25,7061,290,10,19770.0
2024-01-11,Influencers,3503.45,34201,278,3,11030.0
2024-01-12,Instagram,4317.85,64432,1073,30,18030.0
2024-01-12,Google,8754.95,21403,665,35,20340.0
2024-01-12,Influencers,2961.99,24664,259,4,8120.0
2024-01-13,Instagram,5055.06,45076,699,12,18170.0
2024-01-13,Google,7520.64,6676,290,9,19910.0
2024-01-13,Influencers,3302.8,35705,273,5,9950.0
2024-01-14,Instagram,2318.88,27108,371,8,12420.0
2024-01-14,Google,5709.91,9762,394,24,11790.0
2024-01-14,Influencers,3678.17,30184,220,5,6810.0
2024-01-15,Instagram,3301.89,39296,414,7,16490.0
2024-01-15,Google,6801.17,6552,250,15,18300.0
2024-01-15,Influencers,3440.43,29133,238,5,11720.0
2024-01-16,Instagram,3265.69,32757,432,7,13380.0
2024-01-16,Google,4465.66,7498,179,9,14100.0
2024-01-16,Influencers,3179.54,64967,495,6,5980.0
2024-01-17,Instagram,3702.13,45968,616,13,20360.0
2024-01-17,Google,7931.67,7531,299,11,21210.0
2024-01-17,Influencers,6629.78,51108,406,7,11290.0
2024-01-18,Instagram,4894.67,76732,836,18,19860.0
2024-01-18,Google,9817.14,21139,579,30,18660.0
2024-01-18,Influencers,5537.6,46836,335,6,9780.0
2024-01-19,Instagram,2411.97,20705,356,7,11570.0
2024-01-19,Google,4381.46,7303,351,21,10890.0
2024-01-19,Influencers,5025.31,47514,420,5,8400.0
2024-01-20,Instagram,5002.16,121895,1045,27,18740.0
2024-01-20,Google,6343.29,9683,288,14,17310.0
2024-01-20,Influencers,5283.48,124581,511,7,9140.0
2024-01-21,Instagram,4936.61,61969,1063,29,20230.0
2024-01-21,Google,7501.88,16111,560,33,17890.0
2024-01-21,Influencers,5742.62,55502,628,10,12950.0
2024-01-22,Instagram,3895.23,40197,562,14,14480.0
2024-01-22,Google,3709.34,12744,290,13,11940.0
2024-01-22,Influencers,3032.3,22850,226,4,6870.0
2024-01-23,Instagram,4835.12,77347,726,21,17520.0
2024-01-23,Google,8597.21,12777,499,28,17230.0
2024-01-23,Influencers,5638.18,65108,398,7,11130.0
2024-01-24,Instagram,4611.6,61588,1043,21,18770.0
2024-01-24,Google,8009.18,24106,574,33,17600.0
2024-01-24,Influencers,3609.68,46121,367,4,9120.0
2024-01-25,Instagram,5493.31,70559,1157,29,20010.0
2024-01-25,Google,8709.04,8986,376,20,17220.0
2024-01-25,Influencers,7038.34,90400,577,12,12900.0
2024-01-26,Instagram,4012.79,89371,750,22,20480.0
2024-01-26,Google,5551.4,12406,286,14,15980.0
2024-01-26,Influencers,2664.28,17796,173,2,9390.0
2024-01-27,Instagram,5064.63,110709,1263,23,19010.0
2024-01-27,Google,6252.68,4941,225,11,18700.0
2024-01-27,Influencers,3387.97,35074,243,5,11210.0
2024-01-28,Instagram,4169.05,54850,895,15,16240.0
2024-01-28,Google,7102.72,7729,262,15,17940.0
2024-01-28,Influencers,6843.55,75218,740,15,11610.0
2024-01-29,Instagram,3293.3,55680,589,10,16030.0
2024-01-29,Google,4489.15,4634,184,10,14720.0
2024-01-29,Influencers,2589.16,44147,403,9,8060.0
2024-01-30,Instagram,3902.42,44782,673,14,16860.0
2024-01-30,Google,9693.42,28156,583,22,19000.0
2024-01-30,Influencers,5827.48,91061,530,6,9750.0
2024-01-31,Instagram,3528.66,37436,633,10,18660.0
2024-01-31,Google,10339.23,8480,410,23,19830.0
2024-01-31,Influencers,3766.45,130910,557,9,10620.0
2024-02-01,Instagram,4455.68,90988,947,18,20400.0
2024-02-01,Google,9227.81,8580,400,16,17540.0
2024-02-01,Influencers,4823.25,43866,274,4,11040.0
2024-02-02,Instagram,5977.52,66344,818,21,22810.0
2024-02-02,Google,7308.46,14705,316,17,16820.0
2024-02-02,Influencers,5672.47,55834,344,7,9930.0
2024-02-03,Instagram,3036.25,27586,433,10,16270.0
2024-02-03,Google,4769.07,11170,380,21,12750.0
2024-02-03,Influencers,3324.86,45525,360,8,8910.0
2024-02-04,Instagram,5062.14,50615,708,16,18210.0
2024-02-04,Google,7032.46,9904,445,14,18600.0
2024-02-04,Influencers,3697.18,97049,588,14,10980.0
2024-02-05,Instagram,4973.03,92275,1027,23,17780.0
2024-02-05,Google,6776.32,16745,537,29,19240.0
2024-02-05,Influencers,6399.91,52004,620,11,11680.0
2024-02-06,Instagram,3101.69,37050,602,15,12280.0
2024-02-06,Google,6972.62,7645,354,12,15300.0
2024-02-06,Influencers,2746.08,38942,419,9,9560.0
2024-02-07,Instagram,3812.78,68303,723,18,17770.0
2024-02-07,Google,8333.72,16659,463,24,18770.0
2024-02-07,Influencers,4079.97,24079,275,6,9420.0
2024-02-08,Instagram,4830.69,94664,944,22,24350.0
2024-02-08,Google,5740.27,10237,235,9,15920.0
2024-02-08,Influencers,2559.25,49356,388,7,8920.0
2024-02-09,Instagram,5629.7,116937,1273,38,20890.0
2024-02-09,Google,7552.97,13382,312,11,17460.0
2024-02-09,Influencers,3887.85,33986,240,3,12910.0
2024-02-10,Instagram,4200.57,77357,790,18,16540.0
2024-02-10,Google,6645.63,6180,297,13,18510.0
2024-02-10,Influencers,5766.64,78625,831,12,11410.0
2024-02-11,Instagram,4243.23,57146,535,10,18870.0
2024-02-11,Google,8636.3,21678,479,25,17350.0
2024-02-11,Influencers,4726.02,119116,758,9,9260.0
2024-02-12,Instagram,4844.58,82621,775,16,19840.0
2024-02-12,Google,8379.6,12849,601,32,19150.0
2024-02-12,Influencers,6417.45,96448,810,16,11740.0
2024-02-13,Instagram,4582.98,107313,892,19,19860.0
2024-02-13,Google,9386.33,9357,415,20,20470.0
2024-02-13,Influencers,4855.01,49753,301,5,10190.0
2024-02-14,Instagram,5075.89,49470,875,25,19120.0
2024-02-14,Google,5753.31,5383,262,10,17150.0
2024-02-14,Influencers,4474.0,38445,405,5,12270.0
2024-02-15,Instagram,4854.95,65511,1145,20,21440.0
2024-02-15,Google,9005.27,10329,334,15,17190.0
2024-02-15,Influencers,3750.83,35588,418,7,10710.0
2024-02-16,Instagram,2979.1,33371,466,13,15520.0
2024-02-16,Google,5457.54,13832,445,17,16150.0
2024-02-16,Influencers,4429.43,34794,267,3,7520.0
2024-02-17,Instagram,5394.32,59411,870,25,19400.0
2024-02-17,Google,10070.48,11353,514,17,21090.0
2024-02-17,Influencers,4728.45,72609,324,7,9980.0
2024-02-18,Instagram,3756.01,59965,673,19,18950.0
2024-02-18,Google,9653.52,14708,708,34,18900.0
2024-02-18,Influencers,4820.07,31629,295,4,9230.0
2024-02-19,Instagram,3538.2,64883,614,14,17170.0
2024-02-19,Google,6341.43,7014,302,15,16060.0
2024-02-19,Influencers,5588.38,37667,326,7,11670.0
2024-02-20,Instagram,3838.04,40285,506,11,20470.0
2024-02-20,Google,10111.35,14729,536,17,19860.0
2024-02-20,Influencers,3816.89,29338,351,7,9540.0
2024-02-21,Instagram,4240.19,40027,535,8,19260.0
2024-02-21,Google,8876.55,18810,432,23,18910.0
2024-02-21,Influencers,4893.27,66554,659,16,9790.0
2024-02-22,Instagram,4972.69,52668,779,23,22570.0
2024-02-22,Google,8451.08,24090,533,26,18960.0
2024-02-22,Influencers,3504.78,36595,257,6,8670.0
2024-02-23,Instagram,4854.6,65158,782,14,17380.0
2024-02-23,Google,7195.3,13364,312,16,18640.0
2024-02-23,Influencers,6307.03,79494,405,10,10670.0
2024-02-24,Instagram,2952.96,39910,670,14,14230.0
2024-02-24,Google,6987.44,10981,397,13,15270.0
2024-02-24,Influencers,3733.35,38475,240,6,7850.0
2024-02-25,Instagram,4118.2,55454,564,15,20330.0
2024-02-25,Google,6634.81,17838,467,17,18630.0
2024-02-25,Influencers,4425.75,82759,664,13,10670.0
2024-02-26,Instagram,5418.4,57191,871,16,20170.0
2024-02-26,Google,6346.68,17599,358,12,14410.0
2024-02-26,Influencers,3288.78,31875,188,4,9760.0
2024-02-27,Instagram,5621.48,63497,1091,22,20760.0
2024-02-27,Google,9334.88,15297,397,17,20140.0
2024-02-27,Influencers,2606.84,24080,245,5,9250.0
2024-02-28,Instagram,4559.54,63192,1024,19,17920.0
2024-02-28,Google,7350.04,6910,268,11,18940.0
2024-02-28,Influencers,5295.39,30981,351,7,9930.0
2024-02-29,Instagram,3825.09,38756,513,12,21240.0
2024-02-29,Google,5512.91,5858,267,10,15960.0
2024-02-29,Influencers,6216.69,68769,355,9,12280.0
2024-03-01,Instagram,4481.67,41224,620,13,20430.0
2024-03-01,Google,9037.49,20816,502,25,17110.0
2024-03-01,Influencers,4184.1,36798,250,4,12460.0
2024-03-02,Instagram,4685.94,104836,945,23,16920.0
2024-03-02,Google,5727.22,16917,408,24,16190.0
2024-03-02,Influencers,6017.39,132378,705,11,10520.0
2024-03-03,Instagram,3972.06,50921,809,16,20170.0
2024-03-03,Google,6703.43,6690,257,15,20980.0
2024-03-03,Influencers,4389.03,41950,315,8,9370.0
2024-03-04,Instagram,5617.9,91209,1234,24,20210.0
2024-03-04,Google,8703.85,10560,480,23,17380.0
2024-03-04,Influencers,5736.16,31332,371,7,11680.0
2024-03-05,Instagram,4385.46,44056,665,18,19830.0
2024-03-05,Google,7189.63,6008,289,10,18660.0
2024-03-05,Influencers,3824.53,38473,276,6,9220.0
2024-03-06,Instagram,3521.01,27850,477,10,18540.0
2024-03-06,Google,10283.1,26243,594,24,21710.0
2024-03-06,Influencers,5048.78,29410,295,3,11880.0
2024-03-07,Instagram,4103.05,72317,720,17,22330.0
2024-03-07,Google,5287.15,11013,287,14,16490.0
2024-03-07,Influencers,5148.63,44081,341,8,9820.0
2024-03-08,Instagram,4270.8,68404,691,14,17740.0
2024-03-08,Google,10975.7,21807,532,17,20300.0
2024-03-08,Influencers,5381.53,194755,851,17,9250.0
2024-03-09,Instagram,4337.64,44582,717,17,18200.0
2024-03-09,Google,7149.71,9549,339,20,18900.0
2024-03-09,Influencers,4660.2,62037,689,7,10770.0
2024-03-10,Instagram,3367.42,45840,528,9,15400.0
2024-03-10,Google,7656.9,10247,290,15,14030.0
2024-03-10,Influencers,1932.02,12421,141,3,5270.0
2024-03-11,Instagram,3134.47,27473,422,9,16090.0
2024-03-11,Google,6629.92,13710,373,21,18500.0
2024-03-11,Influencers,3151.38,59524,343,7,10000.0
2024-03-12,Instagram,4121.84,45456,666,10,19430.0
2024-03-12,Google,11195.17,8412,404,19,21250.0
2024-03-12,Influencers,3521.29,45605,291,5,9910.0
2024-03-13,Instagram,4138.48,43571,583,13,17780.0
2024-03-13,Google,6953.19,14927,543,29,22320.0
2024-03-13,Influencers,3543.03,37872,285,5,7790.0
2024-03-14,Instagram,3409.27,49083,510,9,17840.0
2024-03-14,Google,7380.78,22664,485,21,20340.0
2024-03-14,Influencers,5626.65,120200,694,13,11240.0
2024-03-15,Instagram,3025.2,25843,396,9,16790.0
2024-03-15,Google,9430.81,27764,594,27,18180.0
2024-03-15,Influencers,4672.92,94693,429,7,11110.0
2024-03-16,Instagram,2790.21,24221,410,8,14470.0
2024-03-16,Google,4497.96,5719,234,9,14670.0
2024-03-16,Influencers,5203.93,60569,325,6,10500.0
2024-03-17,Instagram,4050.45,72454,642,14,17140.0
2024-03-17,Google,5892.55,13501,441,18,16160.0
2024-03-17,Influencers,3348.4,18343,188,2,11090.0
2024-03-18,Instagram,4363.48,98501,1070,28,16730.0
2024-03-18,Google,4429.87,5561,211,11,14350.0
2024-03-18,Influencers,3926.66,66196,581,7,8720.0
2024-03-19,Instagram,4758.25,61068,911,27,17770.0
2024-03-19,Google,7044.26,17034,410,16,19020.0
2024-03-19,Influencers,3124.35,31389,192,3,9220.0
2024-03-20,Instagram,2603.35,31268,419,7,12650.0
2024-03-20,Google,6262.61,19158,429,25,13570.0
2024-03-20,Influencers,2720.04,16680,165,2,7470.0
2024-03-21,Instagram,5377.46,52901,713,18,20290.0
2024-03-21,Google,6929.34,7930,384,16,15570.0
2024-03-21,Influencers,5323.85,59395,430,9,10980.0
2024-03-22,Instagram,5219.61,42243,694,19,21150.0
2024-03-22,Google,6808.62,10403,319,16,18450.0
2024-03-22,Influencers,6769.71,86734,908,13,12800.0
2024-03-23,Instagram,3696.58,37828,465,9,14380.0
2024-03-23,Google,8141.18,13820,386,17,15670.0
2024-03-23,Influencers,2325.52,19951,148,2,6980.0
2024-03-24,Instagram,4778.64,91921,914,25,17420.0
2024-03-24,Google,8722.37,11047,324,13,19760.0
2024-03-24,Influencers,4660.81,112435,607,13,8170.0
2024-03-25,Instagram,3932.23,29246,519,8,18940.0
2024-03-25,Google,7373.08,13754,412,21,14990.0
2024-03-25,Influencers,5776.43,67947,503,12,11940.0
2024-03-26,Instagram,4157.53,31474,544,11,18110.0
2024-03-26,Google,5988.12,10138,414,24,17510.0
2024-03-26,Influencers,6727.96,97341,602,7,12780.0
2024-03-27,Instagram,3483.06,46449,815,14,17690.0
2024-03-27,Google,9303.86,13468,673,36,18910.0
2024-03-27,Influencers,4696.33,38234,312,7,11440.0
2024-03-28,Instagram,3636.31,54276,850,19,17610.0
2024-03-28,Google,8468.98,6085,303,10,18540.0
2024-03-28,Influencers,3283.68,28785,186,5,10530.0
2024-03-29,Instagram,4466.44,42736,720,20,19760.0
2024-03-29,Google,9284.27,14784,657,22,17680.0
2024-03-29,Influencers,4497.59,42599,352,7,10960.0
2024-03-30,Instagram,3716.75,40887,605,12,19820.0
2024-03-30,Google,8026.96,12217,547,32,17600.0
2024-03-30,Influencers,7454.55,157058,775,8,13430.0
2024-03-31,Instagram,3324.83,32492,454,13,16920.0
2024-03-31,Google,9283.81,9617,419,23,22230.0
2024-03-31,Influencers,4783.39,55484,390,8,8910.0
2024-04-01,Instagram,4712.19,63490,951,22,18480.0
2024-04-01,Google,7102.5,8348,272,10,20180.0
2024-04-01,Influencers,4608.01,36406,343,8,10740.0
2024-04-02,Instagram,5642.42,92378,1069,17,20270.0
2024-04-02,Google,5828.97,4594,228,9,18360.0
2024-04-02,Influencers,3057.49,16354,191,3,8520.0
2024-04-03,Instagram,3880.73,34373,526,10,14190.0
2024-04-03,Google,6550.56,15398,442,17,14030.0
2024-04-03,Influencers,3591.38,31683,218,3,8770.0
2024-04-04,Instagram,3878.02,61051,774,15,21490.0
2024-04-04,Google,6200.77,9333,304,14,16530.0
2024-04-04,Influencers,6397.02,42960,456,11,12420.0
2024-04-05,Instagram,4179.48,39689,712,21,19540.0
2024-04-05,Google,8977.33,16709,526,29,18880.0
2024-04-05,Influencers,3138.35,47909,247,5,9070.0
2024-04-06,Instagram,3930.81,29938,499,10,17840.0
2024-04-06,Google,6848.28,18579,473,27,16390.0
2024-04-06,Influencers,4376.51,29891,345,8,9310.0
2024-04-07,Instagram,4100.19,53456,826,23,16990.0
2024-04-07,Google,10491.99,16021,632,24,20960.0
2024-04-07,Influencers,2655.27,20528,172,4,7930.0
2024-04-08,Instagram,4411.3,110983,1017,18,15940.0
2024-04-08,Google,6735.68,9851,465,23,17720.0
2024-04-08,Influencers,3294.74,54618,546,11,10500.0
2024-04-09,Instagram,2406.21,34175,419,9,13180.0
2024-04-09,Google,8072.22,19171,586,18,15080.0
2024-04-09,Influencers,5748.6,137032,689,7,11060.0
2024-04-10,Instagram,5330.21,52502,772,23,19220.0
2024-04-10,Google,8321.68,17372,594,19,17580.0
2024-04-10,Influencers,6522.37,150930,823,17,11970.0
2024-04-11,Instagram,3688.41,44764,489,8,16520.0
2024-04-11,Google,5576.75,7921,337,19,14480.0
2024-04-11,Influencers,2536.03,18777,154,2,9000.0
2024-04-12,Instagram,3728.95,37464,587,15,16420.0
2024-04-12,Google,6132.61,12352,333,20,19360.0
2024-04-12,Influencers,4825.39,71842,363,7,10000.0
2024-04-13,Instagram,4248.51,35376,562,14,19320.0
2024-04-13,Google,7677.01,14971,513,19,20330.0
2024-04-13,Influencers,3366.51,53479,299,4,10890.0
2024-04-14,Instagram,5228.56,56987,964,15,18680.0
2024-04-14,Google,8272.94,17161,552,18,19820.0
2024-04-14,Influencers,5174.9,37674,368,8,11470.0
2024-04-15,Instagram,4568.61,39675,652,14,19090.0
2024-04-15,Google,7600.87,15091,534,26,17800.0
2024-04-15,Influencers,3408.67,44969,243,4,9770.0
2024-04-16,Instagram,5374.93,59414,811,23,20410.0
2024-04-16,Google,7572.76,6916,312,15,16540.0
2024-04-16,Influencers,6457.04,94090,674,14,11180.0
2024-04-17,Instagram,4961.38,56781,655,13,21000.0
2024-04-17,Google,6466.7,6171,283,9,20890.0
2024-04-17,Influencers,3877.46,30309,249,6,10440.0
2024-04-18,Instagram,3829.36,45172,527,13,15390.0
2024-04-18,Google,6736.14,9898,300,10,15200.0
2024-04-18,Influencers,3967.27,59026,605,7,8000.0
2024-04-19,Instagram,4330.91,40760,657,12,19560.0
2024-04-19,Google,9688.61,24661,609,34,20180.0
2024-04-19,Influencers,6503.92,55355,374,7,11060.0
2024-04-20,Instagram,4828.48,76964,648,12,17880.0
2024-04-20,Google,5671.24,8508,224,9,17730.0
2024-04-20,Influencers,3040.43,20580,238,3,9590.0
2024-04-21,Instagram,4999.27,53690,707,14,19440.0
2024-04-21,Google,6887.14,12241,505,27,19740.0
2024-04-21,Influencers,5063.24,60332,528,13,10950.0
2024-04-22,Instagram,5075.03,36711,655,12,19350.0
2024-04-22,Google,9371.03,12580,464,27,19050.0
2024-04-22,Influencers,3298.13,46007,230,3,11410.0
2024-04-23,Instagram,4404.21,56947,754,18,17880.0
2024-04-23,Google,7409.57,15878,537,31,16370.0
2024-04-23,Influencers,6549.43,44976,448,5,11770.0
2024-04-24,Instagram,4759.5,70837,764,16,20180.0
2024-04-24,Google,5455.6,5672,236,10,17690.0
2024-04-24,Influencers,5209.36,45597,408,5,10130.0
2024-04-25,Instagram,5555.65,60939,832,22,20050.0
2024-04-25,Google,7334.54,13335,442,16,17200.0
2024-04-25,Influencers,3898.3,50280,309,6,12570.0
2024-04-26,Instagram,5574.1,93332,1094,31,23820.0
2024-04-26,Google,8846.77,7841,378,12,18430.0
2024-04-26,Influencers,2626.57,33429,342,8,8560.0
2024-04-27,Instagram,5112.3,75307,671,17,19450.0
2024-04-27,Google,8307.36,7897,388,15,17960.0
2024-04-27,Influencers,5913.09,83145,529,11,13120.0
2024-04-28,Instagram,3698.92,59819,834,20,19300.0
2024-04-28,Google,6143.6,8390,337,19,17500.0
2024-04-28,Influencers,4977.03,44590,431,8,11060.0
2024-04-29,Instagram,5604.89,43472,710,18,21370.0
2024-04-29,Google,8134.17,10661,525,26,17600.0
2024-04-29,Influencers,4779.59,58765,596,10,9940.0
2024-04-30,Instagram,5309.6,74202,1077,30,19490.0
2024-04-30,Google,10448.01,16696,652,27,19230.0
2024-04-30,Influencers,3100.69,74829,319,4,9950.0
2024-05-01,Instagram,3160.05,42269,756,13,14290.0
2024-05-01,Google,5946.9,9841,383,16,14110.0
2024-05-01,Influencers,3588.0,30741,268,4,7160.0
2024-05-02,Instagram,3275.56,39899,444,10,17410.0
2024-05-02,Google,5986.75,16219,354,12,15790.0
2024-05-02,Influencers,4309.14,27069,261,5,8970.0
2024-05-03,Instagram,4524.47,98226,851,23,19420.0
2024-05-03,Google,7571.99,12079,458,27,20160.0
2024-05-03,Influencers,3991.54,33398,232,5,11330.0
2024-05-04,Instagram,4426.1,62015,633,14,18560.0
2024-05-04,Google,6062.52,17721,444,19,15190.0
2024-05-04,Influencers,3122.94,63761,317,6,10010.0
2024-05-05,Instagram,4051.55,88859,799,17,20380.0
2024-05-05,Google,5543.22,6211,304,15,16400.0
2024-05-05,Influencers,6833.5,84638,411,6,11440.0
2024-05-06,Instagram,2718.36,41782,472,13,13380.0
2024-05-06,Google,5948.45,5127,227,14,14450.0
2024-05-06,Influencers,4624.95,70128,531,11,8780.0
2024-05-07,Instagram,3771.93,48068,642,19,17460.0
2024-05-07,Google,7221.74,7826,289,9,17440.0
2024-05-07,Influencers,3050.04,16314,193,5,10290.0
2024-05-08,Instagram,4785.62,73062,1133,19,17730.0
2024-05-08,Google,6325.62,6779,286,15,19720.0
2024-05-08,Influencers,4081.43,72558,559,11,9350.0
2024-05-09,Instagram,4250.41,40500,723,21,21170.0
2024-05-09,Google,7386.76,6959,287,9,20090.0
2024-05-09,Influencers,3128.19,62112,273,4,11100.0
2024-05-10,Instagram,3990.78,86904,848,18,14710.0
2024-05-10,Google,5629.04,6114,288,17,14320.0
2024-05-10,Influencers,3021.73,40719,268,6,8200.0
2024-05-11,Instagram,4203.49,39741,595,12,19600.0
2024-05-11,Google,8307.14,26104,616,33,17230.0
2024-05-11,Influencers,4503.68,23473,277,5,11800.0
2024-05-12,Instagram,3258.16,32481,457,10,14670.0
2024-05-12,Google,6240.57,9746,307,14,14350.0
2024-05-12,Influencers,2132.44,22186,147,3,7530.0
2024-05-13,Instagram,5283.94,71618,964,17,19240.0
2024-05-13,Google,9960.77,24208,580,29,20160.0
2024-05-13,Influencers,5902.6,93624,637,9,10290.0
2024-05-14,Instagram,4531.32,68691,677,16,20320.0
2024-05-14,Google,8451.74,6762,306,18,16160.0
2024-05-14,Influencers,4426.72,101187,632,11,8780.0
2024-05-15,Instagram,3572.28,51722,824,24,19450.0
2024-05-15,Google,9930.8,11981,520,16,19290.0
2024-05-15,Influencers,3537.98,46650,330,5,9740.0
2024-05-16,Instagram,4345.26,47433,685,13,15690.0
2024-05-16,Google,6266.39,5682,270,12,18320.0
2024-05-16,Influencers,3325.02,40051,312,6,9830.0
2024-05-17,Instagram,5117.85,107941,1252,28,18380.0
2024-05-17,Google,7467.66,9638,295,10,18860.0
2024-05-17,Influencers,3549.34,111770,564,7,9610.0
2024-05-18,Instagram,4238.0,62283,1050,27,20050.0
2024-05-18,Google,6117.82,5717,238,7,16340.0
2024-05-18,Influencers,8190.02,61732,622,14,14320.0
2024-05-19,Instagram,5564.36,71678,1038,28,20530.0
2024-05-19,Google,7567.99,14741,406,15,18590.0
2024-05-19,Influencers,5972.98,101438,814,18,11230.0
2024-05-20,Instagram,3668.28,26957,479,8,19620.0
2024-05-20,Google,8409.12,7455,320,12,18090.0
2024-05-20,Influencers,3824.01,65009,475,6,8470.0
2024-05-21,Instagram,5510.09,99985,1191,25,22170.0
2024-05-21,Google,6702.54,13892,538,22,20000.0
2024-05-21,Influencers,3800.24,61940,332,4,11370.0
2024-05-22,Instagram,5395.85,70686,690,18,23160.0
2024-05-22,Google,5865.0,6322,222,8,18620.0
2024-05-22,Influencers,3379.9,23628,247,3,10880.0
2024-05-23,Instagram,6657.37,128081,1650,47,24010.0
2024-05-23,Google,7336.45,13572,552,23,16540.0
2024-05-23,Influencers,5110.59,71130,713,11,9580.0
2024-05-24,Instagram,3933.01,70270,918,27,20230.0
2024-05-24,Google,8957.84,14415,412,24,18810.0
2024-05-24,Influencers,8145.07,167588,738,14,14370.0
2024-05-25,Instagram,4382.71,37614,593,9,20140.0
2024-05-25,Google,8232.7,19877,485,18,17350.0
2024-05-25,Influencers,4083.39,27478,309,8,9190.0
2024-05-26,Instagram,3677.86,78263,647,14,19630.0
2024-05-26,Google,8639.24,9260,351,19,21480.0
2024-05-26,Influencers,5256.69,78729,741,17,9100.0
2024-05-27,Instagram,4293.65,79797,743,18,18630.0
2024-05-27,Google,5480.52,4489,200,11,17250.0
2024-05-27,Influencers,5328.25,34966,303,4,10960.0
2024-05-28,Instagram,5349.59,106949,1285,25,19660.0
2024-05-28,Google,6912.1,8001,252,15,19480.0
2024-05-28,Influencers,2178.07,35430,301,3,7130.0
2024-05-29,Instagram,3913.4,88673,917,14,20790.0
2024-05-29,Google,6475.72,6375,300,12,18480.0
2024-05-29,Influencers,4458.82,34866,415,5,11730.0
2024-05-30,Instagram,3479.26,34478,576,12,14800.0
2024-05-30,Google,5440.36,6346,216,9,15070.0
2024-05-30,Influencers,3223.33,93814,400,9,9740.0
2024-05-31,Instagram,4846.7,106020,1184,29,18190.0
2024-05-31,Google,10562.94,17110,687,39,20210.0
2024-05-31,Influencers,4959.93,30956,308,3,11300.0
2024-06-01,Instagram,4464.62,46237,582,13,20470.0
2024-06-01,Google,7141.94,16726,411,13,18450.0
2024-06-01,Influencers,5437.37,45150,391,8,11740.0
2024-06-02,Instagram,2250.1,23157,326,5,9210.0
2024-06-02,Google,3162.3,4825,158,8,8590.0
2024-06-02,Influencers,2036.41,14019,154,2,5510.0
2024-06-03,Instagram,4482.29,51686,719,21,19220.0
2024-06-03,Google,8502.0,9049,399,13,17680.0
2024-06-03,Influencers,7450.84,88464,937,22,12900.0
2024-06-04,Instagram,5023.82,66980,845,16,19300.0
2024-06-04,Google,8422.07,11237,371,15,19250.0
2024-06-04,Influencers,6897.07,168528,1036,24,12200.0
2024-06-05,Instagram,2016.59,31864,307,8,10500.0
2024-06-05,Google,5200.94,4846,199,7,13680.0
2024-06-05,Influencers,3602.44,24202,280,5,7760.0
2024-06-06,Instagram,4243.63,58624,777,23,18770.0
2024-06-06,Google,5561.23,6927,220,11,17650.0
2024-06-06,Influencers,6474.86,43262,411,9,11130.0
2024-06-07,Instagram,2964.59,78446,668,16,14250.0
2024-06-07,Google,4907.86,4177,195,11,12510.0
2024-06-07,Influencers,2444.08,12487,144,2,7150.0
2024-06-08,Instagram,4900.25,76925,875,21,21500.0
2024-06-08,Google,7331.31,26228,550,26,18260.0
2024-06-08,Influencers,7786.95,71490,559,9,14040.0
2024-06-09,Instagram,4893.93,61185,809,12,21100.0
2024-06-09,Google,7421.6,12012,571,32,16830.0
2024-06-09,Influencers,3722.58,66011,466,10,11440.0
2024-06-10,Instagram,5176.08,55336,964,18,19120.0
2024-06-10,Google,6608.68,14346,367,19,17610.0
2024-06-10,Influencers,2328.9,28141,162,3,8270.0
2024-06-11,Instagram,5202.45,46824,684,11,18590.0
2024-06-11,Google,5969.71,15788,390,16,17240.0
2024-06-11,Influencers,3421.66,40965,373,9,10540.0
2024-06-12,Instagram,3069.47,40838,424,11,14320.0
2024-06-12,Google,6380.0,6758,294,11,13300.0
2024-06-12,Influencers,4179.9,41415,467,7,9250.0
2024-06-13,Instagram,4290.34,50361,837,18,15710.0
2024-06-13,Google,6850.13,12930,275,14,19520.0
2024-06-13,Influencers,4115.98,37941,301,7,13940.0
2024-06-14,Instagram,4870.67,58037,899,16,22250.0
2024-06-14,Google,6016.55,6856,225,8,19120.0
2024-06-14,Influencers,3859.98,81969,474,7,9100.0
2024-06-15,Instagram,4173.24,43486,581,13,19840.0
2024-06-15,Google,9318.26,13948,614,32,17160.0
2024-06-15,Influencers,2644.16,41956,172,2,7600.0
2024-06-16,Instagram,4184.52,93631,843,14,18640.0
2024-06-16,Google,6735.03,6928,254,13,16480.0
2024-06-16,Influencers,2913.51,16117,190,3,9420.0
2024-06-17,Instagram,2466.19,63675,518,12,12550.0
2024-06-17,Google,4998.57,7001,193,7,15400.0
2024-06-17,Influencers,4554.02,35614,327,3,12210.0
2024-06-18,Instagram,5813.27,126130,1346,35,24370.0
2024-06-18,Google,6326.47,8168,395,21,18640.0
2024-06-18,Influencers,3943.57,68655,513,7,10380.0
2024-06-19,Instagram,4434.0,77745,966,15,18630.0
2024-06-19,Google,9155.09,9294,436,14,21690.0
2024-06-19,Influencers,4006.97,41649,296,7,10800.0
2024-06-20,Instagram,4673.35,78476,657,19,21650.0
2024-06-20,Google,8052.28,10011,316,12,15590.0
2024-06-20,Influencers,5658.18,83210,777,8,11560.0
2024-06-21,Instagram,5103.9,114118,944,28,22310.0
2024-06-21,Google,9493.0,13266,635,38,19750.0
2024-06-21,Influencers,5672.09,78252,634,13,10030.0
2024-06-22,Instagram,3522.01,57808,578,16,18940.0
2024-06-22,Google,7502.72,19688,479,17,19510.0
2024-06-22,Influencers,4137.3,89173,371,5,9680.0
2024-06-23,Instagram,3792.0,42957,688,12,20170.0
2024-06-23,Google,10541.9,14277,396,23,22710.0
2024-06-23,Influencers,4341.99,28069,244,5,10720.0
2024-06-24,Instagram,5845.36,93919,1067,17,21620.0
2024-06-24,Google,5593.22,11885,277,14,14680.0
2024-06-24,Influencers,5544.01,30399,333,6,11560.0
2024-06-25,Instagram,4700.99,54710,646,13,19920.0
2024-06-25,Google,5481.68,6644,217,12,17130.0
2024-06-25,Influencers,4906.94,55783,457,6,9680.0
2024-06-26,Instagram,4479.69,88857,742,18,19370.0
2024-06-26,Google,10315.93,10267,506,29,18800.0
2024-06-26,Influencers,5468.47,36899,365,5,10090.0
2024-06-27,Instagram,4772.84,87461,794,21,20040.0
2024-06-27,Google,7581.3,13380,336,14,16540.0
2024-06-27,Influencers,3524.93,34940,342,4,8370.0
2024-06-28,Instagram,3417.57,42353,700,20,13240.0
2024-06-28,Google,6871.82,8768,285,12,14880.0
2024-06-28,Influencers,3435.05,22162,199,3,7470.0
2024-06-29,Instagram,4258.83,70973,969,18,20200.0
2024-06-29,Google,7202.25,12789,566,19,18720.0
2024-06-29,Influencers,4502.46,47201,485,11,12670.0
2024-06-30,Instagram,5288.24,110985,1138,27,20810.0
2024-06-30,Google,6556.63,7079,311,15,19420.0
2024-06-30,Influencers,4823.64,48898,459,11,12050.0
2024-07-01,Instagram,3626.83,62594,625,11,16470.0
2024-07-01,Google,5418.46,11020,383,13,17880.0
2024-07-01,Influencers,3562.55,18565,200,4,11190.0
2024-07-02,Instagram,6093.44,66485,870,23,22110.0
2024-07-02,Google,8060.57,17776,579,25,19350.0
2024-07-02,Influencers,2793.62,81408,400,5,9080.0
2024-07-03,Instagram,3024.45,26133,380,10,14970.0
2024-07-03,Google,5665.97,5481,255,12,14360.0
2024-07-03,Influencers,2719.99,13780,152,2,7510.0
2024-07-04,Instagram,6350.59,57818,1025,23,23730.0
2024-07-04,Google,7297.9,6074,285,9,16120.0
2024-07-04,Influencers,3434.59,63459,460,11,8770.0
2024-07-05,Instagram,4825.32,49435,809,21,19860.0
2024-07-05,Google,6032.64,9289,389,22,16430.0
2024-07-05,Influencers,6037.13,56541,575,14,11900.0
2024-07-06,Instagram,3741.81,38197,524,10,14490.0
2024-07-06,Google,8689.61,17219,376,13,18950.0
2024-07-06,Influencers,5275.8,82751,592,11,11440.0
2024-07-07,Instagram,3771.12,71144,683,11,18630.0
2024-07-07,Google,8484.92,11719,397,22,17550.0
2024-07-07,Influencers,5810.97,55570,444,5,12890.0
2024-07-08,Instagram,4090.84,35367,619,13,19080.0
2024-07-08,Google,7427.06,8400,298,17,14960.0
2024-07-08,Influencers,5427.37,81417,672,8,9600.0
2024-07-09,Instagram,3577.89,37009,473,8,17420.0
2024-07-09,Google,7285.13,9383,368,17,18770.0
2024-07-09,Influencers,4249.44,52958,561,10,11920.0
2024-07-10,Instagram,4666.16,77400,1084,19,20060.0
2024-07-10,Google,7954.01,9529,397,24,16630.0
2024-07-10,Influencers,2973.55,43530,201,5,9860.0
2024-07-11,Instagram,4924.03,68653,833,14,19520.0
2024-07-11,Google,7019.37,10169,288,17,15230.0
2024-07-11,Influencers,3076.59,32407,206,5,10760.0
2024-07-12,Instagram,4738.86,92961,773,15,19350.0
2024-07-12,Google,9668.47,18143,734,37,20600.0
2024-07-12,Influencers,3162.9,28028,305,4,10600.0
2024-07-13,Instagram,3841.94,54518,658,10,19490.0
2024-07-13,Google,7544.54,7439,368,15,18260.0
2024-07-13,Influencers,3956.55,35801,224,3,12050.0
2024-07-14,Instagram,5367.79,120129,1235,33,19940.0
2024-07-14,Google,10019.36,13447,657,33,18630.0
2024-07-14,Influencers,5104.08,31911,333,7,9770.0
2024-07-15,Instagram,4884.32,84543,1187,29,17570.0
2024-07-15,Google,7250.37,17911,510,30,19640.0
2024-07-15,Influencers,4743.29,31775,313,6,10740.0
2024-07-16,Instagram,4566.62,75707,1132,21,18440.0
2024-07-16,Google,6745.29,13356,348,12,16670.0
2024-07-16,Influencers,3484.64,35260,299,6,10330.0
2024-07-17,Instagram,4608.09,59837,1040,26,18670.0
2024-07-17,Google,8334.51,13140,622,24,19380.0
2024-07-17,Influencers,2945.54,23889,255,6,9860.0
2024-07-18,Instagram,4613.77,62256,819,24,18240.0
2024-07-18,Google,8458.63,8708,330,18,16690.0
2024-07-18,Influencers,5418.93,51473,350,7,11120.0
2024-07-19,Instagram,3449.77,88351,816,21,18470.0
2024-07-19,Google,9513.18,13661,435,22,19170.0
2024-07-19,Influencers,2937.2,39918,401,9,9330.0
2024-07-20,Instagram,4777.58,70448,952,28,19000.0
2024-07-20,Google,7152.45,9496,400,23,20020.0
2024-07-20,Influencers,5131.05,68290,303,4,12640.0
2024-07-21,Instagram,4068.54,63590,636,13,21190.0
2024-07-21,Google,6644.58,6208,267,13,20040.0
2024-07-21,Influencers,3682.27,39364,328,8,10310.0
2024-07-22,Instagram,3958.9,57292,601,13,18270.0
2024-07-22,Google,10185.96,15603,697,22,19990.0
2024-07-22,Influencers,3896.9,76129,341,6,10040.0
2024-07-23,Instagram,2157.86,21104,339,10,10760.0
2024-07-23,Google,4818.46,7510,205,10,13250.0
2024-07-23,Influencers,3442.76,66990,341,4,6360.0
2024-07-24,Instagram,3468.13,57316,696,19,18570.0
2024-07-24,Google,9199.7,26559,585,24,17760.0
2024-07-24,Influencers,6508.93,99893,533,12,11100.0
2024-07-25,Instagram,4207.11,51048,628,17,17330.0
2024-07-25,Google,10174.99,16694,753,42,19480.0
2024-07-25,Influencers,2603.1,27773,196,5,9080.0
2024-07-26,Instagram,3123.51,63301,530,12,15410.0
2024-07-26,Google,4776.49,5537,191,7,14100.0
2024-07-26,Influencers,4337.83,30502,250,3,9920.0
2024-07-27,Instagram,4962.47,63127,696,11,21120.0
2024-07-27,Google,7019.98,6549,287,15,16390.0
2024-07-27,Influencers,4420.14,59858,380,5,11000.0
2024-07-28,Instagram,5096.49,62485,1020,17,19600.0
2024-07-28,Google,9256.28,14221,358,11,19480.0
2024-07-28,Influencers,4017.52,33610,374,7,13970.0
2024-07-29,Instagram,4617.71,48299,636,19,18600.0
2024-07-29,Google,5840.47,8847,218,9,17210.0
2024-07-29,Influencers,4055.66,45865,271,7,12450.0
2024-07-30,Instagram,3839.93,38525,605,15,20980.0
2024-07-30,Google,8401.22,10316,352,15,16690.0
2024-07-30,Influencers,3734.68,50167,444,5,8520.0
2024-07-31,Instagram,5013.66,58499,1022,23,20710.0
2024-07-31,Google,9132.11,9035,423,23,17200.0
2024-07-31,Influencers,4392.19,76344,316,7,12060.0
2024-08-01,Instagram,4902.28,41432,684,18,19320.0
2024-08-01,Google,9446.56,18625,588,18,19030.0
2024-08-01,Influencers,5389.29,84361,551,14,11040.0
2024-08-02,Instagram,4437.95,88972,824,18,16180.0
2024-08-02,Google,7235.35,11190,291,13,18740.0
2024-08-02,Influencers,2992.6,21517,221,5,8410.0
2024-08-03,Instagram,3732.46,82929,682,18,20490.0
2024-08-03,Google,10237.2,14980,442,19,19080.0
2024-08-03,Influencers,7739.52,48304,546,9,13270.0
2024-08-04,Instagram,4048.39,52634,530,14,20400.0
2024-08-04,Google,5690.88,8777,248,15,16980.0
2024-08-04,Influencers,5464.72,53074,376,8,9530.0
2024-08-05,Instagram,3057.43,45544,622,10,15010.0
2024-08-05,Google,8162.12,10201,426,13,16280.0
2024-08-05,Influencers,3146.43,36427,361,6,7720.0
2024-08-06,Instagram,3417.18,30050,455,10,18050.0
2024-08-06,Google,8056.98,7207,291,11,18810.0
2024-08-06,Influencers,4575.31,36288,388,8,13190.0
2024-08-07,Instagram,5780.7,63079,1093,32,21350.0
2024-08-07,Google,7012.13,8633,307,14,14780.0
2024-08-07,Influencers,3978.31,73601,452,7,10630.0
2024-08-08,Instagram,4947.15,74198,641,10,19760.0
2024-08-08,Google,10069.27,19853,519,23,18540.0
2024-08-08,Influencers,4011.95,49470,229,3,10820.0
2024-08-09,Instagram,4307.16,52483,822,20,17980.0
2024-08-09,Google,7807.38,6946,284,9,17490.0
2024-08-09,Influencers,4872.85,64725,764,18,10190.0
2024-08-10,Instagram,4428.25,71898,841,21,20290.0
2024-08-10,Google,9217.47,15072,747,39,18380.0
2024-08-10,Influencers,2665.98,20996,219,4,8580.0
2024-08-11,Instagram,5088.3,87481,1020,29,18520.0
2024-08-11,Google,7016.35,15830,437,21,17840.0
2024-08-11,Influencers,4463.03,41324,390,8,9000.0
2024-08-12,Instagram,4704.01,84315,766,14,20770.0
2024-08-12,Google,8264.25,17489,513,30,16880.0
2024-08-12,Influencers,5560.22,56915,523,11,9380.0
2024-08-13,Instagram,4100.24,60598,591,9,19510.0
2024-08-13,Google,8105.24,12097,551,27,18650.0
2024-08-13,Influencers,4420.41,79232,574,7,10160.0
2024-08-14,Instagram,4200.62,65832,744,19,19620.0
2024-08-14,Google,6900.53,6044,277,15,18690.0
2024-08-14,Influencers,4782.39,41371,489,9,12440.0
2024-08-15,Instagram,3372.65,47350,483,9,15000.0
2024-08-15,Google,6272.07,6726,261,9,13420.0
2024-08-15,Influencers,5317.64,51980,400,6,9700.0
2024-08-16,Instagram,4000.11,52056,847,22,15080.0
2024-08-16,Google,5872.6,10314,460,24,17330.0
2024-08-16,Influencers,3698.52,52570,324,6,8960.0
2024-08-17,Instagram,4691.25,76485,931,22,18310.0
2024-08-17,Google,9214.06,27975,595,19,20210.0
2024-08-17,Influencers,6189.83,63877,345,6,11620.0
2024-08-18,Instagram,4134.28,73207,747,12,15350.0
2024-08-18,Google,4251.04,6101,200,8,13000.0
2024-08-18,Influencers,4630.28,26431,291,6,8950.0
2024-08-19,Instagram,5332.31,76691,978,24,20240.0
2024-08-19,Google,6448.4,17149,513,20,16690.0
2024-08-19,Influencers,3803.04,44981,291,7,7660.0
2024-08-20,Instagram,3130.86,66319,712,17,16930.0
2024-08-20,Google,7422.81,8004,277,13,17690.0
2024-08-20,Influencers,4090.95,26263,296,4,9960.0
2024-08-21,Instagram,4001.51,57628,678,18,19090.0
2024-08-21,Google,6318.88,8380,342,19,17800.0
2024-08-21,Influencers,4118.08,28929,288,6,12800.0
2024-08-22,Instagram,3726.68,37703,541,11,16130.0
2024-08-22,Google,6366.95,6322,300,10,16350.0
2024-08-22,Influencers,2727.01,35478,271,3,6930.0
2024-08-23,Instagram,5154.0,63270,773,22,18820.0
2024-08-23,Google,8941.25,18063,375,20,16780.0
2024-08-23,Influencers,5163.39,56763,301,4,11220.0
2024-08-24,Instagram,3053.42,52438,451,13,14010.0
2024-08-24,Google,5145.89,4465,201,8,16300.0
2024-08-24,Influencers,2567.28,36869,154,4,7830.0
2024-08-25,Instagram,4333.05,99826,980,28,19860.0
2024-08-25,Google,7146.08,6450,279,14,17050.0
2024-08-25,Influencers,5200.06,51047,386,6,11560.0
2024-08-26,Instagram,4505.11,57436,886,15,16790.0
2024-08-26,Google,6984.6,9795,487,20,20010.0
2024-08-26,Influencers,7009.18,117546,670,7,12970.0
2024-08-27,Instagram,3424.24,36342,532,12,18950.0
2024-08-27,Google,8146.1,11246,383,13,17470.0
2024-08-27,Influencers,3376.59,24108,193,2,9060.0
2024-08-28,Instagram,4612.41,60005,609,14,20860.0
2024-08-28,Google,7403.16,13247,397,17,17660.0
2024-08-28,Influencers,4870.72,40937,333,7,11720.0
2024-08-29,Instagram,3799.9,31424,564,15,19900.0
2024-08-29,Google,8412.14,8476,355,13,18230.0
2024-08-29,Influencers,3771.55,42141,237,3,9480.0
2024-08-30,Instagram,3599.65,31985,450,8,17590.0
2024-08-30,Google,11603.66,16427,652,25,21550.0
2024-08-30,Influencers,5896.3,56012,349,7,12650.0
2024-08-31,Instagram,2652.99,35798,377,11,13170.0
2024-08-31,Google,8190.95,9302,448,26,15980.0
2024-08-31,Influencers,3667.43,42961,365,6,10220.0
2024-09-01,Instagram,3814.74,41419,615,13,20870.0
2024-09-01,Google,7374.45,8300,338,20,18440.0
2024-09-01,Influencers,3429.95,24572,241,3,9920.0
2024-09-02,Instagram,4949.49,68724,695,10,18550.0
2024-09-02,Google,9564.64,31157,720,38,18160.0
2024-09-02,Influencers,5293.25,40595,313,5,9240.0
2024-09-03,Instagram,4648.24,65052,1135,34,17930.0
2024-09-03,Google,9745.61,8502,395,24,18520.0
2024-09-03,Influencers,5941.03,67342,798,10,10190.0
2024-09-04,Instagram,4433.34,57979,751,17,23090.0
2024-09-04,Google,8126.06,7684,369,12,16820.0
2024-09-04,Influencers,4323.5,89128,635,15,11610.0
2024-09-05,Instagram,4749.31,37555,630,11,17660.0
2024-09-05,Google,6004.27,15588,445,24,18820.0
2024-09-05,Influencers,5892.0,34927,362,9,11120.0
2024-09-06,Instagram,4965.47,73019,1036,22,18940.0
2024-09-06,Google,8451.19,10096,487,28,15670.0
2024-09-06,Influencers,5171.66,48772,404,9,9950.0
2024-09-07,Instagram,3498.38,56353,556,11,17890.0
2024-09-07,Google,6295.42,19986,428,19,14880.0
2024-09-07,Influencers,2944.33,30167,329,6,8790.0
2024-09-08,Instagram,5051.62,48380,835,14,22150.0
2024-09-08,Google,6756.11,9850,312,13,16720.0
2024-09-08,Influencers,6632.37,105635,466,6,11520.0
2024-09-09,Instagram,4584.49,74855,929,27,17890.0
2024-09-09,Google,11647.14,25883,533,25,22060.0
2024-09-09,Influencers,5901.8,63465,346,5,11290.0
2024-09-10,Instagram,3378.93,48405,824,17,17140.0
2024-09-10,Google,7055.4,5083,254,8,18110.0
2024-09-10,Influencers,3644.89,93584,400,10,10700.0
2024-09-11,Instagram,5300.65,51408,913,25,22190.0
2024-09-11,Google,9491.86,7891,371,16,17400.0
2024-09-11,Influencers,3843.79,47217,244,4,10530.0
2024-09-12,Instagram,4362.3,35219,572,11,21290.0
2024-09-12,Google,6891.35,7685,269,9,16500.0
2024-09-12,Influencers,4691.18,101822,588,7,11420.0
2024-09-13,Instagram,4917.47,47176,668,13,19270.0
2024-09-13,Google,9287.72,19010,399,18,19010.0
2024-09-13,Influencers,6841.14,90561,876,12,12000.0
2024-09-14,Instagram,4382.95,61674,839,22,19000.0
2024-09-14,Google,8395.5,19092,464,26,21150.0
2024-09-14,Influencers,5780.72,40584,439,7,10480.0
2024-09-15,Instagram,4155.03,86017,715,12,19770.0
2024-09-15,Google,5220.71,6915,281,13,17040.0
2024-09-15,Influencers,2850.26,27308,318,5,8690.0
2024-09-16,Instagram,4712.91,62573,785,17,18950.0
2024-09-16,Google,9800.24,16011,381,18,18190.0
2024-09-16,Influencers,3694.66,41333,411,9,11820.0
2024-09-17,Instagram,3396.42,37107,571,15,18860.0
2024-09-17,Google,6822.69,10894,291,17,19320.0
2024-09-17,Influencers,6383.37,75034,415,7,10790.0
2024-09-18,Instagram,5544.87,63397,1125,29,19960.0
2024-09-18,Google,8248.55,9129,370,20,18720.0
2024-09-18,Influencers,5126.06,67993,694,14,9570.0
2024-09-19,Instagram,5077.73,55359,895,23,19360.0
2024-09-19,Google,7838.53,13219,345,19,20070.0
2024-09-19,Influencers,6928.65,92076,824,8,11750.0
2024-09-20,Instagram,4180.82,96546,863,19,16950.0
2024-09-20,Google,7411.27,23156,515,21,19700.0
2024-09-20,Influencers,3165.24,67959,290,7,8400.0
2024-09-21,Instagram,5490.11,69875,859,19,19940.0
2024-09-21,Google,9671.66,10717,516,22,19160.0
2024-09-21,Influencers,5759.53,37169,368,7,10520.0
2024-09-22,Instagram,5135.01,47706,840,14,21220.0
2024-09-22,Google,5464.33,6475,298,16,17460.0
2024-09-22,Influencers,5151.12,36164,359,7,10990.0
2024-09-23,Instagram,4697.8,76552,1145,20,20190.0
2024-09-23,Google,7348.49,20825,500,18,18500.0
2024-09-23,Influencers,3363.55,30407,328,6,10590.0
2024-09-24,Instagram,4290.55,57916,604,18,20000.0
2024-09-24,Google,9833.1,11021,411,13,18610.0
2024-09-24,Influencers,4565.23,38623,356,6,11530.0
2024-09-25,Instagram,4049.3,49375,515,10,17140.0
2024-09-25,Google,6412.29,8762,280,16,20900.0
2024-09-25,Influencers,4777.74,50841,267,4,10280.0
2024-09-26,Instagram,4530.25,38541,641,11,21110.0
2024-09-26,Google,8317.98,10042,497,16,19030.0
2024-09-26,Influencers,5376.51,43004,372,5,9340.0
2024-09-27,Instagram,5349.27,88404,1306,33,19620.0
2024-09-27,Google,7770.86,13956,502,16,17960.0
2024-09-27,Influencers,3289.47,27048,242,6,9960.0
2024-09-28,Instagram,4438.46,47437,723,13,19420.0
2024-09-28,Google,7069.09,14635,389,15,19900.0
2024-09-28,Influencers,5290.22,62316,300,4,10380.0
2024-09-29,Instagram,4045.6,61140,518,13,17880.0
2024-09-29,Google,6290.13,7535,337,20,18510.0
2024-09-29,Influencers,5647.85,44290,402,10,10330.0
2024-09-30,Instagram,3721.67,75982,644,14,17380.0
2024-09-30,Google,5360.2,6804,213,8,14070.0
2024-09-30,Influencers,2976.39,68803,286,5,7330.0
2024-10-01,Instagram,5568.0,58344,751,15,19970.0
2024-10-01,Google,7963.75,16854,358,12,18230.0
2024-10-01,Influencers,2922.43,29040,239,6,9150.0
2024-10-02,Instagram,4493.2,68044,826,14,20490.0
2024-10-02,Google,5835.43,7732,220,11,18520.0
2024-10-02,Influencers,3861.76,23129,222,3,11050.0
2024-10-03,Instagram,3420.46,41531,684,20,16200.0
2024-10-03,Google,10591.97,8564,405,12,20440.0
2024-10-03,Influencers,4698.72,71669,289,5,9720.0
2024-10-04,Instagram,3407.35,66921,652,16,18590.0
2024-10-04,Google,6694.59,5761,266,8,18520.0
2024-10-04,Influencers,3390.32,26552,278,4,8660.0
2024-10-05,Instagram,5416.1,81574,848,20,20160.0
2024-10-05,Google,7484.36,12996,373,16,16600.0
2024-10-05,Influencers,4892.57,26794,314,3,9170.0
2024-10-06,Instagram,3717.55,51374,910,15,17880.0
2024-10-06,Google,11177.45,17873,433,17,21080.0
2024-10-06,Influencers,4355.34,67662,295,5,10690.0
2024-10-07,Instagram,4042.03,86336,812,22,17280.0
2024-10-07,Google,6357.98,11263,289,11,14070.0
2024-10-07,Influencers,3872.9,24120,284,6,7470.0
2024-10-08,Instagram,4226.11,51963,927,20,19670.0
2024-10-08,Google,10357.79,15994,422,19,21130.0
2024-10-08,Influencers,3776.64,46430,221,5,8870.0
2024-10-09,Instagram,5522.39,61085,1038,18,20420.0
2024-10-09,Google,8251.98,27286,632,27,18680.0
2024-10-09,Influencers,4563.94,37142,292,7,10140.0
2024-10-10,Instagram,3658.42,40563,617,11,18430.0
2024-10-10,Google,5787.5,5667,236,10,17920.0
2024-10-10,Influencers,3780.16,32389,256,6,11330.0
2024-10-11,Instagram,4356.61,31498,555,16,17320.0
2024-10-11,Google,7980.42,9331,290,15,16100.0
2024-10-11,Influencers,4323.53,37572,256,3,11750.0
2024-10-12,Instagram,3355.96,46832,796,23,17130.0
2024-10-12,Google,6914.38,8444,273,13,19510.0
2024-10-12,Influencers,6905.1,40394,463,9,12170.0
2024-10-13,Instagram,5282.42,81892,1098,30,21060.0
2024-10-13,Google,6471.24,9703,425,17,19330.0
2024-10-13,Influencers,5431.43,36383,346,6,12190.0
2024-10-14,Instagram,5843.46,77687,1396,23,21770.0
2024-10-14,Google,8982.04,10464,393,15,18490.0
2024-10-14,Influencers,5214.32,43380,292,3,10620.0
2024-10-15,Instagram,5124.68,107473,1009,27,18560.0
2024-10-15,Google,8490.42,8473,348,20,19480.0
2024-10-15,Influencers,3051.08,43359,474,12,9980.0
2024-10-16,Instagram,4214.71,73289,953,25,19940.0
2024-10-16,Google,6641.11,8068,267,15,13970.0
2024-10-16,Influencers,5845.92,200535,879,16,11120.0
2024-10-17,Instagram,5292.32,73363,983,21,20850.0
2024-10-17,Google,6349.54,9372,305,18,17490.0
2024-10-17,Influencers,2967.81,42117,260,4,7950.0
2024-10-18,Instagram,5221.19,38766,688,15,20640.0
2024-10-18,Google,8312.89,12431,338,17,19020.0
2024-10-18,Influencers,2892.07,78509,449,5,9030.0
2024-10-19,Instagram,3936.3,40955,604,10,17870.0
2024-10-19,Google,6736.8,9994,462,16,17620.0
2024-10-19,Influencers,6080.48,54640,463,9,12500.0
2024-10-20,Instagram,3490.15,72331,857,22,17150.0
2024-10-20,Google,9183.64,8872,352,14,18160.0
2024-10-20,Influencers,4767.98,47621,281,6,11110.0
2024-10-21,Instagram,4582.45,89338,1011,24,20720.0
2024-10-21,Google,7091.67,14959,444,22,17230.0
2024-10-21,Influencers,3849.46,88555,538,13,9870.0
2024-10-22,Instagram,5013.32,76304,992,15,20700.0
2024-10-22,Google,7243.42,10883,451,18,18360.0
2024-10-22,Influencers,2762.37,23162,224,3,9420.0
2024-10-23,Instagram,4148.35,83103,885,22,20220.0
2024-10-23,Google,10322.86,14325,639,30,20300.0
2024-10-23,Influencers,4215.08,46449,241,5,10810.0
2024-10-24,Instagram,4103.38,67222,729,19,15210.0
2024-10-24,Google,7059.28,13950,399,16,18210.0
2024-10-24,Influencers,3340.42,37982,402,7,10510.0
2024-10-25,Instagram,3868.18,57543,533,15,18660.0
2024-10-25,Google,6650.16,12185,463,15,18140.0
2024-10-25,Influencers,7118.81,46911,515,6,12050.0
2024-10-26,Instagram,4177.29,54976,664,11,19990.0
2024-10-26,Google,6550.4,7414,249,13,19540.0
2024-10-26,Influencers,5405.35,81825,577,8,11000.0
2024-10-27,Instagram,4187.98,41290,673,15,18290.0
2024-10-27,Google,6341.29,10606,322,16,19290.0
2024-10-27,Influencers,6671.09,106590,783,19,11490.0
2024-10-28,Instagram,4629.07,37145,664,11,20340.0
2024-10-28,Google,6811.59,14949,524,16,20620.0
2024-10-28,Influencers,6655.47,95646,950,10,11710.0
2024-10-29,Instagram,4043.15,29657,528,14,18230.0
2024-10-29,Google,6501.83,7221,253,14,17720.0
2024-10-29,Influencers,5701.84,57585,462,6,12140.0
2024-10-30,Instagram,4293.37,100044,1057,23,21320.0
2024-10-30,Google,6710.19,11042,416,25,20850.0
2024-10-30,Influencers,5041.34,51042,407,9,11230.0
2024-10-31,Instagram,3225.33,41589,658,12,17180.0
2024-10-31,Google,7152.6,12362,278,14,17750.0
2024-10-31,Influencers,3939.55,40707,382,5,10160.0
2024-11-01,Instagram,3825.16,85204,742,19,20310.0
2024-11-01,Google,6338.87,11013,364,20,13240.0
2024-11-01,Influencers,3221.75,27944,299,4,10420.0
2024-11-02,Instagram,5136.21,73158,841,23,23630.0
2024-11-02,Google,5864.29,10817,322,17,16640.0
2024-11-02,Influencers,5639.63,126405,731,7,10460.0
2024-11-03,Instagram,3518.54,52463,467,7,18090.0
2024-11-03,Google,5734.91,5821,284,16,17930.0
2024-11-03,Influencers,5842.9,112863,472,10,10370.0
2024-11-04,Instagram,4376.8,60570,991,19,20970.0
2024-11-04,Google,7482.63,8784,337,20,20340.0
2024-11-04,Influencers,5241.65,39749,322,8,9760.0
2024-11-05,Instagram,4412.59,61016,872,24,21100.0
2024-11-05,Google,6520.4,9001,279,10,20530.0
2024-11-05,Influencers,4830.13,59504,523,6,12900.0
2024-11-06,Instagram,6038.36,85496,1419,25,22180.0
2024-11-06,Google,9006.99,16647,338,12,19510.0
2024-11-06,Influencers,4410.07,60982,601,12,10890.0
2024-11-07,Instagram,4682.19,75982,658,11,18390.0
2024-11-07,Google,9678.19,16071,423,18,19760.0
2024-11-07,Influencers,5388.43,47606,488,6,12170.0
2024-11-08,Instagram,4261.27,110791,973,20,19790.0
2024-11-08,Google,6682.48,7185,332,18,16910.0
2024-11-08,Influencers,6176.54,49960,371,7,12320.0
2024-11-09,Instagram,4553.43,44531,617,13,21100.0
2024-11-09,Google,6600.38,9131,306,10,18490.0
2024-11-09,Influencers,3558.65,42195,284,6,11900.0
2024-11-10,Instagram,3847.36,74374,897,27,19310.0
2024-11-10,Google,9003.76,12899,365,16,16470.0
2024-11-10,Influencers,5998.31,104237,525,11,10850.0
2024-11-11,Instagram,3751.91,99913,869,18,18940.0
2024-11-11,Google,5661.13,10117,317,17,16890.0
2024-11-11,Influencers,3657.67,54996,407,7,12500.0
2024-11-12,Instagram,3838.47,48848,843,21,19610.0
2024-11-12,Google,7250.63,6938,315,18,19360.0
2024-11-12,Influencers,5057.37,46128,473,11,8660.0
2024-11-13,Instagram,4288.05,51914,632,11,20340.0
2024-11-13,Google,4759.57,5482,179,7,15240.0
2024-11-13,Influencers,3564.13,44220,204,3,11160.0
2024-11-14,Instagram,4270.22,66405,853,14,18560.0
2024-11-14,Google,9956.47,9920,483,19,19850.0
2024-11-14,Influencers,4024.46,40113,251,5,10850.0
2024-11-15,Instagram,4605.63,69689,982,24,17830.0
2024-11-15,Google,8413.71,8356,374,17,16340.0
2024-11-15,Influencers,2177.03,31149,193,4,5940.0
2024-11-16,Instagram,3319.04,48353,467,9,17390.0
2024-11-16,Google,5697.01,10821,306,14,16460.0
2024-11-16,Influencers,4312.66,43593,357,9,12440.0
2024-11-17,Instagram,4196.02,42609,552,16,21490.0
2024-11-17,Google,9828.21,10357,484,23,18590.0
2024-11-17,Influencers,3824.01,35442,353,7,10900.0
2024-11-18,Instagram,4039.01,64141,681,16,15080.0
2024-11-18,Google,6460.44,12249,352,11,12120.0
2024-11-18,Influencers,3509.79,54285,331,7,9260.0
2024-11-19,Instagram,4099.53,40518,623,12,19300.0
2024-11-19,Google,5583.84,6134,242,12,16040.0
2024-11-19,Influencers,3107.81,36027,274,6,10700.0
2024-11-20,Instagram,5583.43,73042,855,20,20320.0
2024-11-20,Google,7321.26,12911,388,19,16120.0
2024-11-20,Influencers,6294.79,69802,482,8,12280.0
2024-11-21,Instagram,5313.83,43314,698,20,19560.0
2024-11-21,Google,5847.34,8928,433,16,19290.0
2024-11-21,Influencers,5375.68,65821,420,5,9450.0
2024-11-22,Instagram,4843.62,74190,753,19,21400.0
2024-11-22,Google,6500.12,9678,350,16,18010.0
2024-11-22,Influencers,4680.02,37617,428,9,11720.0
2024-11-23,Instagram,3560.86,34166,576,15,18970.0
2024-11-23,Google,9928.04,9075,385,18,20510.0
2024-11-23,Influencers,6458.17,57992,607,8,11540.0
2024-11-24,Instagram,5480.44,57993,855,19,20670.0
2024-11-24,Google,6102.21,13124,302,11,19440.0
2024-11-24,Influencers,6152.45,213250,868,12,10850.0
2024-11-25,Instagram,4252.42,57610,1036,17,20910.0
2024-11-25,Google,7781.55,12014,594,22,20010.0
2024-11-25,Influencers,4672.12,66621,674,15,12210.0
2024-11-26,Instagram,3988.46,50633,774,21,19960.0
2024-11-26,Google,6490.63,10046,440,24,17140.0
2024-11-26,Influencers,3586.5,33666,339,7,9860.0
2024-11-27,Instagram,6289.08,81740,1302,31,22510.0
2024-11-27,Google,9578.59,12230,448,19,19620.0
2024-11-27,Influencers,3139.53,15957,183,3,9530.0
2024-11-28,Instagram,4698.91,60866,793,22,18880.0
2024-11-28,Google,6763.98,7249,258,9,21720.0
2024-11-28,Influencers,3013.88,31684,237,3,10180.0
2024-11-29,Instagram,4364.95,46631,700,21,20870.0
2024-11-29,Google,6482.67,5585,276,10,17460.0
2024-11-29,Influencers,5002.08,36059,293,6,10670.0
2024-11-30,Instagram,3763.76,81847,772,19,19700.0
2024-11-30,Google,9359.52,13858,425,21,20280.0
2024-11-30,Influencers,5005.5,34795,392,8,14340.0
2024-12-01,Instagram,4005.02,89730,757,22,19800.0
2024-12-01,Google,9025.65,15210,354,19,18980.0
2024-12-01,Influencers,4090.14,52909,314,4,11090.0
2024-12-02,Instagram,5128.18,73188,988,29,20270.0
2024-12-02,Google,9674.03,19392,573,33,20330.0
2024-12-02,Influencers,2790.82,32457,256,5,9510.0
2024-12-03,Instagram,3730.44,56424,507,9,19140.0
2024-12-03,Google,7454.53,14331,488,24,18250.0
2024-12-03,Influencers,5249.89,52779,467,5,12470.0
2024-12-04,Instagram,4464.52,66624,719,11,17760.0
2024-12-04,Google,8808.56,21561,456,16,18070.0
2024-12-04,Influencers,3783.14,37025,262,3,11050.0
2024-12-05,Instagram,3584.39,62823,764,23,18870.0
2024-12-05,Google,7648.28,8700,293,12,21260.0
2024-12-05,Influencers,5799.67,58332,556,7,11110.0
2024-12-06,Instagram,5518.8,101585,839,24,20350.0
2024-12-06,Google,8500.63,11578,314,15,18300.0
2024-12-06,Influencers,5068.81,50593,572,12,10870.0
2024-12-07,Instagram,5505.3,74646,1309,21,19920.0
2024-12-07,Google,7767.07,21521,561,29,15980.0
2024-12-07,Influencers,4309.29,45480,340,6,10090.0
2024-12-08,Instagram,4672.46,101928,1124,32,20230.0
2024-12-08,Google,7052.38,18476,555,25,18070.0
2024-12-08,Influencers,3995.02,43306,223,2,9600.0
2024-12-09,Instagram,5013.44,110730,1231,30,20700.0
2024-12-09,Google,9976.94,14799,699,35,19030.0
2024-12-09,Influencers,4097.91,24166,264,4,11080.0
2024-12-10,Instagram,3837.08,55112,926,20,19500.0
2024-12-10,Google,9853.14,9496,398,14,18970.0
2024-12-10,Influencers,3576.3,25405,200,4,11250.0
2024-12-11,Instagram,3787.65,33884,531,10,16300.0
2024-12-11,Google,4011.16,6220,191,10,10490.0
2024-12-11,Influencers,3133.42,27617,189,3,7490.0
2024-12-12,Instagram,4083.64,39990,523,14,15310.0
2024-12-12,Google,7562.46,14073,316,18,13830.0
2024-12-12,Influencers,3474.42,42721,242,5,8830.0
2024-12-13,Instagram,3336.8,40265,490,10,17380.0
2024-12-13,Google,5446.65,10617,310,18,15860.0
2024-12-13,Influencers,3839.61,87701,484,11,11970.0
2024-12-14,Instagram,3246.33,29498,525,11,16120.0
2024-12-14,Google,8074.08,6357,314,16,17570.0
2024-12-14,Influencers,4644.46,54306,349,7,11360.0
2024-12-15,Instagram,3846.88,44712,594,10,14640.0
2024-12-15,Google,7623.29,8698,309,14,15440.0
2024-12-15,Influencers,3067.57,47843,302,5,7920.0
2024-12-16,Instagram,4606.03,75835,690,17,20150.0
2024-12-16,Google,7620.53,6773,289,11,17430.0
2024-12-16,Influencers,5107.47,60505,356,7,10310.0
2024-12-17,Instagram,4758.01,89247,1043,28,19580.0
2024-12-17,Google,5364.45,8813,328,12,17580.0
2024-12-17,Influencers,4519.1,41100,275,5,11960.0
2024-12-18,Instagram,5241.63,116352,1243,21,20740.0
2024-12-18,Google,5405.46,7691,379,12,17160.0
2024-12-18,Influencers,6207.62,99513,405,9,10890.0
2024-12-19,Instagram,5700.56,49714,806,13,21360.0
2024-12-19,Google,7429.9,13216,393,20,18520.0
2024-12-19,Influencers,6033.06,139173,870,12,10720.0
2024-12-20,Instagram,3505.13,65752,622,10,18530.0
2024-12-20,Google,10258.82,15648,745,28,20270.0
2024-12-20,Influencers,3776.81,93611,390,9,9430.0
2024-12-21,Instagram,4858.69,62723,825,23,18850.0
2024-12-21,Google,10007.85,13448,599,23,19540.0
2024-12-21,Influencers,7462.3,60866,441,9,12510.0
2024-12-22,Instagram,4551.36,50923,902,26,19030.0
2024-12-22,Google,4518.39,8671,181,10,14910.0
2024-12-22,Influencers,4004.73,44686,408,5,12520.0
2024-12-23,Instagram,4565.66,42528,762,15,18770.0
2024-12-23,Google,7745.43,16194,510,23,18930.0
2024-12-23,Influencers,5512.51,68410,517,12,12480.0
2024-12-24,Instagram,4491.21,57292,776,14,21670.0
2024-12-24,Google,10462.65,11762,389,21,20210.0
2024-12-24,Influencers,5309.65,72270,510,11,9340.0
2024-12-25,Instagram,4028.61,51544,721,13,20660.0
2024-12-25,Google,6825.63,12684,301,17,18120.0
2024-12-25,Influencers,7176.07,104252,565,11,12470.0
2024-12-26,Instagram,3170.16,54188,692,12,15910.0
2024-12-26,Google,6679.38,7294,244,7,15970.0
2024-12-26,Influencers,7894.27,54693,579,8,13210.0
2024-12-27,Instagram,5684.24,88144,964,24,20680.0
2024-12-27,Google,8805.98,14376,614,26,18320.0
2024-12-27,Influencers,4159.22,24441,260,4,12950.0
2024-12-28,Instagram,4567.74,96956,1040,19,18470.0
2024-12-28,Google,7256.79,8637,371,20,21980.0
2024-12-28,Influencers,5648.13,41590,343,7,10730.0
2024-12-29,Instagram,4325.26,47534,734,17,19160.0
2024-12-29,Google,9759.4,33327,798,41,18020.0
2024-12-29,Influencers,5837.95,54756,532,9,11100.0
2024-12-30,Instagram,3802.13,38525,488,14,17940.0
2024-12-30,Google,9352.36,9822,440,14,19380.0
2024-12-30,Influencers,3752.07,39408,346,7,9950.0
2024-12-31,Instagram,4275.0,63308,922,26,18790.0
2024-12-31,Google,7005.78,11608,453,26,20320.0
2024-12-31,Influencers,3738.6,50432,218,2,8700.0
2025-01-01,Instagram,4732.54,104570,955,28,18530.0
2025-01-01,Google,6682.79,8471,239,14,15150.0
2025-01-01,Influencers,3205.73,40816,279,3,7570.0
2025-01-02,Instagram,5105.09,50843,701,16,20000.0
2025-01-02,Google,6672.33,5008,247,12,17450.0
2025-01-02,Influencers,3097.14,72597,382,9,10160.0
2025-01-03,Instagram,4004.55,87579,817,13,19630.0
2025-01-03,Google,5843.27,19110,479,17,14360.0
2025-01-03,Influencers,4327.74,81241,556,12,9840.0
2025-01-04,Instagram,2681.93,25469,338,9,12770.0
2025-01-04,Google,6322.76,9777,400,22,13050.0
2025-01-04,Influencers,3569.96,58073,519,10,6910.0
2025-01-05,Instagram,5223.85,45217,788,16,22210.0
2025-01-05,Google,7955.32,24926,506,19,18750.0
2025-01-05,Influencers,4816.26,39957,301,4,8990.0
